filename,caption
img_in_table_box_185_135_1035_1443.jpg,an image of a table with a list of items and numbers
img_in_table_box_185_132_1033_165.jpg,there is a black and white photo of a clock on a wall
img_in_image_box_218_1023_299_1098.jpg,the blue wrenet is sitting on top of a white background
img_in_table_box_184_134_1049_1437.jpg,an image of a table with several different types of business plans
img_in_table_box_191_1126_1052_1398.jpg,the table shows a number of different types of business items
img_in_table_box_185_134_1035_1415.jpg,an image of a table with several different types of information
img_in_table_box_185_133_1034_358.jpg,a table with a number of different types of documents
img_in_image_box_1186_656_2880_1619.jpg,there are many different types of credit cards on this page
img_in_image_box_1144_548_2880_1620.jpg,there is a screenshot of a dashboard with a number of graphs
img_in_image_box_2081_330_2637_1454.jpg,an image of a cell phone with a smiley face on the screen
img_in_image_box_1539_377_2703_1205.jpg,an image of a flow diagram showing the different types of chargebacks
img_in_table_box_185_133_1040_625.jpg,the table shows a number of different types of information
img_in_table_box_185_181_1035_1098.jpg,the table shows the number of different types of jobs in each country
img_in_image_box_168_1205_411_1449.jpg,a qr code is shown on a white background
img_in_table_box_1179_573_2880_1620.jpg,screenshot of a table with a number of items on it
img_in_image_box_1667_811_2866_1527.jpg,a screenshot of a dashboard with a number of items on it
img_in_table_box_184_895_1034_1074.jpg,this is an image of a table with a list of projects
img_in_table_box_191_134_1053_1426.jpg,a table with a list of different types of medical equipment
img_in_image_box_1569_466_1644_537.jpg,the logo of a blue robot with two eyes on it
img_in_table_box_185_135_1035_1271.jpg,a table with a list of different types of jobs in pakistan
img_in_image_box_135_525_1691_1414.jpg,two screenshots of a computer with a phone and a tablet on it
img_in_table_box_184_774_1040_1438.jpg,an image of a table with several different types of documents
img_in_image_box_148_566_2725_1364.jpg,several different logos are shown on a white background
img_in_image_box_1924_638_2387_1282.jpg,a screenshot of a person holding a stuffed animal next to a cell phone
img_in_image_box_2282_721_2879_1037.jpg,an image of a keyboard with different types of text on it
img_in_image_box_48_382_2859_1620.jpg,the diagram shows a man standing in front of a large number of different platforms
img_in_image_box_191_651_273_727.jpg,blue and white circular sign with two arrows pointing in opposite directions
img_in_table_box_1207_626_2834_1334.jpg,the table shows the number and percentage of transactions in each transaction
img_in_image_box_0_456_2878_1542.jpg,there are four different types of aircraft that can be used in the air
img_in_image_box_130_475_2748_1618.jpg,screenshot of a dashboard with a lot of information on it
img_in_image_box_2194_398_2503_575.jpg,there is a man taking a picture of himself with his cell phone
img_in_table_box_191_134_1053_1281.jpg,a table with a number of different types of jobs in it
img_in_table_box_185_362_1034_640.jpg,the table has a list of different types of bank names
img_in_table_box_185_466_1034_671.jpg,an image of a table with a number of different items on it
img_in_formula_box_2134_758_2623_970.jpg,there is a man riding a surfboard on a wave in the ocean
img_in_table_box_184_788_1034_1048.jpg,a table with a number of different types of financial statements
img_in_image_box_2238_229_2879_1250.jpg,an image of a map of the world made up of dots
img_in_image_box_1_877_812_1413.jpg,a diagram of the process of making a successful account
img_in_table_box_184_134_1041_1445.jpg,a table with a list of different types of jobs in pakistan
img_in_table_box_184_841_1034_1020.jpg,a close up of a table with a number of items on it
img_in_image_box_204_1274_262_1332.jpg,the blue flower with a check mark is on a white background
img_in_table_box_184_1172_1033_1273.jpg,an image of a table with a list of different services
img_in_table_box_191_134_1052_1426.jpg,a table with a list of different types of business items
img_in_formula_box_2079_972_2589_1261.jpg,there is a man riding a surfboard on a wave in the ocean
img_in_image_box_82_1189_809_1540.jpg,a screenshot of the color palette in the app
img_in_image_box_1123_1018_1754_1620.jpg,a cell phone showing payment methods on the screen
img_in_formula_box_201_728_749_1252.jpg,there is a man riding a surfboard on a wave in the ocean
img_in_image_box_101_911_1991_1403.jpg,the diagram shows the steps in the process to create a successful business plan
img_in_image_box_1597_205_2743_1577.jpg,there is a picture of a computer keyboard with a blue arrow
img_in_table_box_185_642_1049_1418.jpg,the table is full of information about the various types of applications
img_in_table_box_184_135_1041_1438.jpg,a table with a list of different types of medical equipment
img_in_image_box_204_1174_263_1233.jpg,a blue flower with a tick symbol on it
img_in_image_box_146_348_2735_1495.jpg,an image of a flow diagram showing the different payment options
img_in_image_box_2133_313_2669_1410.jpg,a cell phone with a credit card on the screen
img_in_image_box_120_655_2750_1297.jpg,there is a diagram of a computer system with several different languages
img_in_image_box_2123_313_2688_1465.jpg,a cell phone with a payout screen on the screen
img_in_table_box_184_134_1049_1405.jpg,the table is filled with a list of different types of jobs
img_in_formula_box_1456_775_2020_1327.jpg,there is a man riding a surfboard on a wave in the ocean
img_in_image_box_1082_421_1797_1615.jpg,screenshot of a mobile phone with a number of different apps displayed
img_in_image_box_204_1372_262_1431.jpg,a blue flower with a check mark in the middle
img_in_image_box_853_1085_923_1181.jpg,the logo of the bank of america
img_in_table_box_184_132_1093_1159.jpg,an image of a form of application for a computer application
img_in_image_box_191_651_272_726.jpg,blue and white circular sign with arrows pointing in opposite directions
img_in_image_box_190_651_273_727.jpg,blue and white circular sign with two arrows pointing in opposite directions
img_in_formula_box_827_752_1362_1194.jpg,there is a man riding a surfboard on a wave in the ocean
img_in_table_box_184_134_1049_1381.jpg,the list of the top 10 digital marketing tools for 2013
img_in_table_box_185_420_1034_876.jpg,a table with a number of items and numbers on it
img_in_table_box_185_647_1034_1443.jpg,a table with a number of numbers and a list of items
img_in_image_box_1273_325_2878_1468.jpg,there is a diagram of what the app is and how it works
img_in_image_box_1191_682_2880_1602.jpg,screenshote of a dashboard with a number of items displayed on it
img_in_image_box_375_304_2495_1467.jpg,screenshot of a phone and a tablet with a list on the screen
img_in_image_box_2112_337_2667_1469.jpg,an image of a cell phone with a checkout page on the screen
img_in_table_box_184_133_1060_485.jpg,a table with a number of different types of payrolls
img_in_table_box_191_134_1053_1425.jpg,a table with a list of different types of medical services
img_in_image_box_2505_947_2646_1004.jpg,the word pay is written in white on a blue button
img_in_table_box_184_1005_1061_1419.jpg,a table with a number of different types of business items
img_in_table_box_184_134_1049_1438.jpg,an image of a table with a list of different types of software
img_in_table_box_191_134_1053_1430.jpg,a table with a list of different types of jobs in pakistan
img_in_table_box_185_133_1048_992.jpg,the table is full of different types of data and information
img_in_image_box_151_600_1633_1492.jpg,screenshot of the payout page of a payment app
img_in_image_box_1395_494_2705_1456.jpg,a diagram showing the steps in the process to create a customer account
img_in_image_box_2114_321_2687_1487.jpg,a close up of a cell phone with a checkout page on it
img_in_table_box_185_798_1034_1437.jpg,the table shows a list of different types of computer equipment
img_in_table_box_184_160_1035_1439.jpg,an image of a table with several different types of documents
img_in_image_box_1208_180_2786_1500.jpg,there are many different types of mobile phones that are connected to each other
img_in_table_box_148_470_2187_1470.jpg,the table shows the average cost of different products and services
img_in_table_box_185_134_1035_804.jpg,a table with a number of different types of jobs in it
img_in_table_box_185_1200_1034_1428.jpg,an image of a table that has a number of items on it
img_in_image_box_238_498_280_536.jpg,there is a picture of a number one in the middle of the picture
img_in_table_box_185_134_1041_1435.jpg,a table with a list of different types of jobs in pakistan
img_in_table_box_185_268_1034_1130.jpg,the table is filled with a list of different types of contracts
img_in_image_box_2123_310_2690_1466.jpg,a phone with a payment app on the screen
img_in_table_box_186_796_1034_895.jpg,a table that has a number of words on it
img_in_image_box_140_1376_216_1449.jpg,the number two is in a blue circle with a white outline
img_in_table_box_185_182_1093_1445.jpg,an image of a table with a number of dates and dates
img_in_table_box_191_133_1053_1418.jpg,an image of a table with several different types of medical equipment
img_in_table_box_185_134_1035_1431.jpg,an image of a table with several different types of information
img_in_table_box_191_133_1052_641.jpg,the table shows a number of different types of service
img_in_table_box_185_281_1034_538.jpg,a close up of a table with a number of financial statements
img_in_image_box_168_325_2712_1617.jpg,there are a lot of different countries that are on this map
